acorn squash,alfalfa sprouts,almond,anchovy,anise,appetizer,apple,apricot,artichoke,asparagus,aspirin,avocado
bacon,bagel,bake,baked,bamboo shoots,banana,barbecue,barley,basil,batter,beancurd,beans,beef,beet,bell pepper,berry,biscuit,bitter,black beans,black tea,black-eyed peas,blackberry,blood orange,blueberry,book,boysenberry,bran,bread,breadfruit,breakfast,brisket,broccoli,brown rice,brownie,brunch,brussels sprouts,buckwheat,buns,burrito,butter,butter bean
cake,candy,candy apple,cantaloupe,caramel,caramel apple,carrot,cashew,cassava,casserole,cauliflower,caviar,cayenne pepper,celery,cereal,cheddar,cheese,cheesecake,cherry,chick peas,chicken,chili,chips,chives,chocolate,chutney,cilantro,cinnamon,citron,citrus,clam,cloves,cobbler,coconut,cod,coffee,cola,coleslaw,collard greens,cookies,corn,cornflakes,cornmeal,cottage cheese,crab,crackers,cranberry,cream,cream cheese,crepe,crisp,crust,cucumber,cupcake,curds,currant,curry,custard
daikon,daily bread,dairy,dandelion greens,danish pastry,dates,dessert,dill,dough,doughnut,dragonfruit,dressing,drink,durian
edamame,egg,eggplant,elderberry
fava beans,fennel,fig,fillet,fish,flan,flax,flour,food,french fries,fries,fritter,frosting,fruit
garlic,gelatin,ginger,ginger ale,gingerbread,gouda cheese,grain,granola,grape,grapefruit,gravy,green bean,green tea,greens,guacamole,guava,gyro
halibut,ham,hamburger,hash,hazelnut,herbs,honey,honeydew,horseradish,hot dog,hot sauce,hummus
ibuprofen,ice,ice cream,ice cream cone,iceberg lettuce,iced tea,icing
jackfruit,jalapeno,jam,jelly,jellybeans,jordan almonds,juice,junk food
kale,kebab,ketchup,kettle corn,kidney beans,kiwi,kumquat
lamb,lard,lasagna,legumes,lemon,lemonade,lentils,lettuce,licorice,lima beans,lime,liver,loaf,lobster,lollipop,loquat,lozenges,lunchmeat,lychee
macaroni,macaroon,magazine,maize,mandarin orange,mango,maple syrup,margarine,marionberry,marmalade,marshmallow,mashed potatoes,mayonnaise,meat,meatball,meatloaf,medicine,melon,meringue,milk,milkshake,millet,mincemeat,minerals,mint,mints,mochi,molasses,mole sauce,mozzarella,muffin,mushroom,mussels,mustard,mustard greens,mutton
nectar,nectarine,noodles,novel,nut,nutmeg
oatmeal,oats,oil,okra,olive,omelet,onion,orange,oregano,oyster
pancake,papaya,parsley,parsnip,pasta,pastry,pate,patty,pan squash,pea,pea pod,peach,peanut,peanut butter,pear,pecan,pepper,pepperoni,persimmon,pickle,pie,pilaf,pills,pineapple,pita bread,pizza,pomegranate,popcorn,popsicle,pork,pork chops,pot roast,potato,preserves,pretzel,prime rib,protein,provisions,prune,pudding,pumpernickel,pumpkin,punch
quiche,quinoa
radish,raisin,raspberry,rations,ravioli,refreshments,relish,rhubarb,ribs,rice,roast,roll,romaine,rosemary,rye
saffron,sage,salad,salami,salmon,salsa,salt,sandwich,sauce,sauerkraut,sausage,scallops,seaweed,seeds,sesame seed,shallots,sherbet,shish kebab,shrimp,slaw,snack,soda,soda bread,sorbet,sorrel,soup,sour cream,soy,soy sauce,soybeans,spaghetti,spareribs,spices,spinach,split peas,sprinkles,sprouts,spuds,squash,squid,steak,stew,stir-fry,strawberry,string bean,strudel,sub,succotash,sugar,summer squash,sundae,sunflower,sushi,sweet potato,swiss cheese,syrup
taco,take-out,tamale,tangerine,tapioca,taro,tart,tea,teriyaki,thyme,toast,toffee,tofu,tomatillo,tomato,torte,tortilla,tuber,tuna,turkey,turmeric,turnip
vanilla,veal,vegetable,venison,vinegar,vitamin
wafer,waffle,walnut,wasabi,water,water chestnut,watercress,watermelon,wheat,whey,whipped cream
yam,yeast,yogurt,yolk
zucchini